{
  "input": {
    "video": "calib_webcam.mp4",
    "checkerboard_shape": [
      8,
      6
    ],
    "used_frames": [
      87,
      99,
      115,
      602,
      770,
      835,
      842,
      969
    ]
  },
  "output": {
    "frameSize": [
      1280,
      720
    ],
    "reprojError": 1.5617816482566143,
    "camMatrix": [
      [
        1463.9728757322343,
        0.0,
        639.7399928058093
      ],
      [
        0.0,
        1458.9538281550351,
        360.19321921053046
      ],
      [
        0.0,
        0.0,
        1.0
      ]
    ],
    "distCoeffs": [
      -0.06343252506222195,
      0.21381535445576158,
      0.009457079131955374,
      -0.0004578987057205513,
      1.3962001279910696,
      0.06343252506226824,
      -0.21381535443888802,
      -1.3962001281303125,
      0.0,
      0.0,
      0.0,
      0.0,
      0.0,
      0.0
    ]
  }
}