{
  "input": {
    "video": "calib_kinect.avi",
    "checkerboard_shape": [
      8,
      6
    ],
    "used_frames": [
      70,
      126,
      163,
      173,
      245,
      322,
      331,
      409,
      428,
      505
    ]
  },
  "output": {
    "frameSize": [
      640,
      480
    ],
    "reprojError": 0.3371160703786408,
    "camMatrix": [
      [
        527.1658971554862,
        0.0,
        319.9940321198034
      ],
      [
        0.0,
        528.3241074898432,
        239.99042139993497
      ],
      [
        0.0,
        0.0,
        1.0
      ]
    ],
    "distCoeffs": [
      0.008565060380325586,
      0.0039039126915595655,
      -6.603672465826257e-05,
      0.0004997623767990226,
      -0.04078177644979648,
      -0.008565060380324424,
      -0.0039039126915501035,
      0.040781776448688516,
      0.0,
      0.0,
      0.0,
      0.0,
      0.0,
      0.0
    ]
  }
}